src,mar,Freq
dom,commerce,8190.51514708111
imp,commerce,2060.99998287733
dom,air_transpor,1612.48485137744
imp,air_transpor,256.272726018265
